EMPLOYEE_ID,FIRST_NAME,LAST_NAME,EMAIL
100,Steven,King,SKING
101,Neena,Kochhar,NKOCHHAR
102,Lex,De Haan,LDEHAAN
103,Alexander,Hunold,AHUNOLD
104,Bruce,Ernst,BERNST
105,David,Austin,DAUSTIN
106,Valli,Pataballa,VPATABAL
107,Diana,Lorentz,DLORENTZ
108,Nancy,Greenberg,NGREENBE
109,Daniel,Faviet,DFAVIET
110,John,Chen,JCHEN
111,Ismael,Sciarra,ISCIARRA
112,,Urman,JMURMAN
113,Luis,Popp,LPOPP
114,Den,Raphaely,DRAPHEAL
115,Alexander,Khoo,AKHOO
116,Shelli,Baida,SBAIDA
117,Sigal,Tobias,STOBIAS
118,Guy,Himuro,GHIMURO
119,Karen,Colmenares,KCOLMENA
120,Matthew,Weiss,MWEISS
121,,Fripp,AFRIPP
122,Payam,Kaufling,PKAUFLING
123,Shanta,Vollman,SVOLLMAN
124,Kevin,Mourgos,KMOURGOS
125,Julia,Nayer,JNAYER
126,Irene,Mikkilineni,IMIKKILI
127,James,Landry,JLANDRY
128,Steven,Markle,SMARKLE
129,Laura,Bissot,LBISSOT
130,Mozhe,Atkinson,MATKINSO
131,James,Marlow,JAMRLOW
132,,Olson,TJOLSON
133,Jason,Mallin,JMALLIN
134,Michael,Rogers,MROGERS
135,Ki,Gee,KGEE
136,Hazel,Philtanker,HPHILTAN
137,Renske,Ladwig,RLADWIG
138,Stephen,Stiles,SSTILES
139,John,Seo,JSEO
140,Joshua,Patel,JPATEL